,EM,F1,ROUGE-L,SacreBLEU,Pass,ECR
Fact Checking,50.080000,58.580000,58.600000,6.060000,,
Data Analysis,12.500000,40.970000,41.060000,16.060000,,
Visualization,,,,,24.030000,54.550000
Numerical Reasoning,18.680000,33.840000,33.130000,5.270000,,
Structure Comprehending,35.050000,49.190000,48.160000,5.520000,,
Overall,34.720000,48.130000,47.800000,6.850000,1.220000,2.760000
