,Fact Checking,Numerical Reasoning,Structure Comprehending,Data Analysis,Visualization,Overall
text_latex,53.074009860312245,20.900110246433204,39.04855867346939,29.592825836216836,20.454545454545453,32.33935690710646
text_html,50.821762767710055,20.163923476005188,35.191081424936385,29.841192129629633,19.805194805194805,31.04431830332561
text_markdown,47.041281840591616,19.640272373540856,35.83784987277353,28.139780853517877,24.35064935064935,30.741768130514938
text_json,49.805854560394415,19.560996093750003,38.17903307888041,29.565121107266435,35.526315789473685,34.07634203334512
text_csv,48.61651114781172,20.939778067885115,38.06932397959184,29.660337995337997,6.493506493506494,28.838113942145846
