,EM,F1,ROUGE-L,SacreBLEU,Pass,ECR
Fact Checking,48.230000,57.910000,57.940000,5.710000,,
Data Analysis,11.070000,38.830000,38.880000,16.520000,,
Visualization,,,,,12.990000,27.920000
Numerical Reasoning,12.450000,29.350000,28.110000,5.200000,,
Structure Comprehending,31.890000,46.210000,45.530000,5.080000,,
Overall,31.470000,45.880000,45.440000,6.640000,0.650000,1.400000
