,EM,F1,ROUGE-L,SacreBLEU,Pass,ECR
Fact Checking,43.850000,53.380000,53.370000,5.500000,,
Data Analysis,10.840000,39.040000,39.100000,15.740000,,
Visualization,,,,,3.250000,9.740000
Numerical Reasoning,13.190000,28.690000,27.590000,5.300000,,
Structure Comprehending,31.890000,44.250000,43.560000,5.050000,,
Overall,29.680000,43.370000,42.950000,6.480000,0.160000,0.490000
