,EM,F1,ROUGE-L,SacreBLEU,Pass,ECR
Fact Checking,45.881384,55.327348,55.283921,5.445502,,
Data Analysis,9.722222,40.215590,40.308229,16.711910,,
Visualization,,,,,0.649351,26.623377
Numerical Reasoning,12.321660,27.797198,26.729442,5.154682,,
Structure Comprehending,0.000000,0.000000,0.000000,0.000000,,
