,EM,F1,ROUGE-L,SacreBLEU,Pass,ECR,ProcessingTime
Fact Checking,51.273624,60.354092,60.416335,6.667124,,,5.182079
Data Analysis,13.494810,40.791384,40.842976,16.666505,,,8.302871
Visualization,,,,,47.368421,62.500000,50.478816
Numerical Reasoning,18.489583,34.202852,33.310143,5.322617,,,5.496263
Structure Comprehending,34.860051,47.711476,47.014224,5.065700,,,3.685980
