,EM,F1,ROUGE-L,SacreBLEU,Pass,ECR
Fact Checking,46.430000,56.380000,56.400000,5.800000,,
Data Analysis,12.800000,41.200000,41.240000,15.810000,,
Visualization,,,,,25.970000,55.190000
Numerical Reasoning,17.510000,31.740000,31.040000,4.870000,,
Structure Comprehending,33.840000,45.490000,44.990000,4.300000,,
Overall,32.590000,46.020000,45.750000,6.390000,1.300000,2.770000
