,EM,F1,ROUGE-L,SacreBLEU,Pass,ECR,ProcessingTime
Fact Checking,49.875931,59.662208,59.643143,6.486137,,,1.728007
Data Analysis,12.847222,40.240521,40.292292,16.509132,,,4.785787
Visualization,,,,,47.000000,64.935065,25.657273
Numerical Reasoning,19.053876,35.592497,34.624534,5.527070,,,3.826597
Structure Comprehending,0.000000,0.000000,0.000000,0.000000,,,2.533702
