,EM,F1,ROUGE-L,SacreBLEU,Pass,ECR
Fact Checking,52.341824,60.971832,60.970378,6.683073,,
Data Analysis,14.186851,41.459723,41.511315,16.721592,,
Visualization,,,,,31.168831,64.935065
Numerical Reasoning,20.622568,36.271206,35.553813,5.486861,,
Structure Comprehending,37.659033,49.878066,49.068651,5.565471,,
