,EM,F1,ROUGE-L,SacreBLEU,Pass,ECR
Fact Checking,51.270000,60.560000,60.540000,6.700000,,
Data Analysis,12.800000,40.660000,40.760000,16.050000,,
Visualization,,,,,33.770000,72.080000
Numerical Reasoning,20.100000,35.850000,35.010000,5.550000,,
Structure Comprehending,37.150000,50.000000,49.630000,5.540000,,
Overall,36.030000,49.720000,49.420000,7.210000,1.690000,3.620000
