{
  "total_files": 9,
  "total_samples": 27559,
  "aggregate_metrics_by_question_type": {
    "Fact Checking": {
      "SacreBLEU": 5.818580179191808,
      "EM": 47.55896873285793,
      "F1": 57.01389650758822,
      "ROUGE-L": 57.00983086487475
    },
    "Data Analysis": {
      "SacreBLEU": 16.09108670520231,
      "F1": 39.97269749518304,
      "ROUGE-L": 40.037179190751445,
      "EM": 11.86897880539499
    },
    "Visualization": {
      "Pass": 21.78932178932179,
      "ECR": 46.681096681096676
    },
    "Numerical Reasoning": {
      "SacreBLEU": 5.188691952696856,
      "EM": 16.4263051629651,
      "F1": 31.957699740409577,
      "ROUGE-L": 31.042182001730602
    },
    "Structure Comprehending": {
      "SacreBLEU": 5.103217638691323,
      "EM": 33.59886201991465,
      "F1": 46.436,
      "ROUGE-L": 45.76127738264581
    }
  },
  "aggregate_metrics_all_types": {
    "SacreBLEU": 6.64315736802602,
    "F1": 46.37496372279209,
    "ECR": 2.3476904096665336,
    "ROUGE-L": 46.01648694854474,
    "Pass": 1.0958307630900976,
    "EM": 32.649487115336505
  }
}