,EM,F1,ROUGE-L,SacreBLEU,Pass,ECR,ProcessingTime
Fact Checking,45.357436,54.254273,54.303517,5.121463,,,2.022942
Data Analysis,11.072664,38.765190,38.857509,15.867543,,,5.944747
Visualization,,,,,35.000000,52.631579,27.952566
Numerical Reasoning,11.848958,27.273034,26.199805,5.141536,,,3.565651
Structure Comprehending,31.806616,44.551450,43.845751,5.559491,,,2.355293
