,EM,F1,ROUGE-L,SacreBLEU,Pass,ECR
Fact Checking,50.040000,59.760000,59.740000,6.440000,,
Data Analysis,13.150000,40.450000,40.500000,16.450000,,
Visualization,,,,,30.520000,64.940000
Numerical Reasoning,19.200000,35.610000,34.650000,5.460000,,
Structure Comprehending,37.240000,49.920000,49.410000,5.860000,,
Overall,35.260000,49.250000,48.890000,7.160000,1.530000,3.260000
