,EM,F1,ROUGE-L,SacreBLEU,Pass,ECR
Fact Checking,46.130000,55.520000,55.480000,5.400000,,
Data Analysis,9.720000,39.870000,39.930000,16.620000,,
Visualization,,,,,11.690000,27.920000
Numerical Reasoning,12.190000,28.140000,26.990000,5.090000,,
Structure Comprehending,29.010000,41.370000,40.560000,4.940000,,
Overall,29.860000,43.820000,43.360000,6.460000,0.590000,1.400000
