,EM,F1,ROUGE-L,SacreBLEU,Pass,ECR
Fact Checking,50.944947,59.761495,59.771422,6.698932,,
Data Analysis,12.110727,38.779066,38.830657,15.694671,,
Visualization,,,,,31.168831,66.233766
Numerical Reasoning,18.287938,34.652879,33.939403,5.439183,,
Structure Comprehending,34.860051,47.136616,46.477354,5.011705,,
