,EM,F1,ROUGE-L,SacreBLEU,Pass,ECR,ProcessingTime
Fact Checking,41.404959,51.807562,51.820884,4.641050,,,1.415463
Data Analysis,12.152778,38.552431,38.601701,15.883472,,,4.392928
Visualization,,,,,47.887324,46.753247,19.109481
Numerical Reasoning,14.454665,28.717950,27.896045,4.609869,,,3.118371
Structure Comprehending,0.000000,0.000000,0.000000,0.000000,,,1.220206
