,EM,F1,ROUGE-L,SacreBLEU,Pass,ECR
Fact Checking,50.330000,59.010000,58.980000,6.140000,,
Data Analysis,11.460000,39.960000,40.050000,15.740000,,
Visualization,,,,,31.820000,61.040000
Numerical Reasoning,19.970000,35.660000,34.930000,5.410000,,
Structure Comprehending,35.370000,47.770000,46.920000,4.860000,,
Overall,35.150000,48.540000,48.210000,6.780000,1.600000,3.070000
