,EM,F1,ROUGE-L,SacreBLEU,Pass,ECR
Fact Checking,48.315530,57.734897,57.759417,5.522005,,
Data Analysis,10.726644,38.969654,39.061972,16.732388,,
Visualization,,,,,0.649351,29.220779
Numerical Reasoning,12.321660,29.096031,27.866796,5.158716,,
Structure Comprehending,0.000000,0.000000,0.000000,0.000000,,
