,Fact Checking,Numerical Reasoning,Structure Comprehending,Data Analysis,Visualization,Overall
mix_latex,55.91792111750206,27.97900129701686,43.57651399491094,31.4080738177624,52.92207792207792,41.36502273784571
mix_html,54.669859967051075,27.81583009079118,41.57057251908397,30.487546296296298,46.42857142857142,39.31202789998947
mix_markdown,55.353221035332794,26.470408560311284,40.998333333333335,29.906816608996536,48.7012987012987,39.34245209886745
mix_json,55.81385784716516,26.346217447916665,41.285763358778624,31.709723183391006,46.05263157894737,39.466010001435336
mix_csv,56.65682826622843,28.446887159533077,43.76854961832061,32.3859630911188,48.051948051948045,41.00057413321971
