,EM,F1,ROUGE-L,SacreBLEU,Pass,ECR
Fact Checking,41.988496,52.094067,52.043566,5.802440,,
Data Analysis,9.342561,37.512595,37.564187,15.075952,,
Visualization,,,,,12.987013,35.714286
Numerical Reasoning,11.543450,27.737095,26.542387,5.024514,,
Structure Comprehending,28.753181,42.922519,42.197430,5.177939,,
