,EM,F1,ROUGE-L,SacreBLEU,Pass,ECR
Fact Checking,41.660000,52.000000,52.020000,4.610000,,
Data Analysis,12.460000,38.770000,38.810000,15.830000,,
Visualization,,,,,22.080000,46.750000
Numerical Reasoning,14.530000,28.720000,27.910000,4.550000,,
Structure Comprehending,31.060000,43.920000,43.270000,4.810000,,
Overall,29.110000,42.660000,42.340000,5.840000,1.110000,2.350000
